id	state	year	spend	population	crime	crime_rate	spend_rate	ratio	
Pennsylvania::2009	Pennsylvania	2009	31905.34	12604767	48188	0.003822998076838707	0.002531212199321098	0.6621013530339503	
Illinois::2010	Illinois	2010	1301752.82	12841980	57132	0.004448846673176566	0.10136698702225047	22.785003500665127	
Pennsylvania::2008	Pennsylvania	2008	414904.0	12448279	51044	0.004100486500985398	0.03333022982534373	8.12835984640702	
Illinois::2011	Illinois	2011	1.116162192E7	12859752	54523	0.004239817377504636	0.8679500133439587	204.71400913376007	
Guam::2009	Guam	2009	120659.28				120659.28	120659.28	
Illinois::2012	Illinois	2012	2.292392838E7	12875255	53403	0.004147723676152433	1.780464028091094	429.262932419527	
Virgin Islands::2006	Virgin Islands	2006	92290.0				92290.0	92290.0	
Missouri::2011	Missouri	2011	2468518.56	6008984	26888	0.004474633315715269	0.4108046485063032	91.80744421303184	
Missouri::2010	Missouri	2010	206558.52	5995715	27440	0.0045766017897782	0.03445102377281108	7.527642857142856	
New York::2012	New York	2012	6405548.71	19570261	79610	0.004067906912432083	0.32731033633123235	80.46160921994725	
Nevada::2012	Nevada	2012	2221342.42	2758931	16763	0.006075904036744666	0.8051460583827577	132.51461074986577	
Missouri::2012	Missouri	2012	5256286.44	6021988	27155	0.004509308221803165	0.872849039220935	193.56606297182842	
New York::2010	New York	2010	2978117.09	19395206	76492	0.00394386117889132	0.153549134255135	38.9337066621346	
Nevada::2010	Nevada	2010	246513.56999999998	2704283	17929	0.0066298534583843485	0.09115672065386647	13.749432204807851	
New York::2011	New York	2011	1196157.09	19501616	77463	0.003972132360723337	0.06133630618098521	15.441657178265753	
Nevada::2011	Nevada	2011	559165.41	2720028	15452	0.005680823873871887	0.20557340218556575	36.187251488480456	
Nevada::2009	Nevada	2009	346756.58999999997	2643085	18639	0.007051986598993222	0.13119388517584563	18.6038194109126	
Missouri::2009	Missouri	2009	2236561.75	5987580	29513	0.00492903643876157	0.37353350602413665	75.78225697150408	
Nevada::2007	Nevada	2007	66726.0	2565382	19365	0.007548583407851151	0.026010161449639857	3.44570100697134	
Nevada::2008	Nevada	2008	482758.66	2600167	18973	0.00729683901072508	0.18566448231978944	25.444508512096135	
Nevada::2006	Nevada	2006	37616.0	2495529	18687	0.007488191882362417	0.015073357192002177	2.0129501792690103	
Guam::2010	Guam	2010	189284.0				189284.0	189284.0	
Virgin Islands::2008	Virgin Islands	2008	690.0				690.0	690.0	
Guam::2011	Guam	2011	354102.33999999997				354102.33999999997	354102.33999999997	
New Mexico::2012	New Mexico	2012	4248091.63	2085538	11660	0.005590883503441319	2.0369284232653637	364.3303284734134	
Guam::2012	Guam	2012	4147042.82				4147042.82	4147042.82	
West Virginia::2010	West Virginia	2010	940146.04	1854368	5586	0.003012347063797477	0.5069900041415728	168.3039813820265	
Virginia::2012	Virginia	2012	3454867.45	8185867	15564	0.0019013257850390192	0.4220527220879597	221.97811937805193	
West Virginia::2012	West Virginia	2012	5528261.27	1855413	5869	0.003163177147082617	2.979531387351495	941.9426256602487	
Virginia::2011	Virginia	2011	1851025.93	8104384	16014	0.0019759675750803517	0.2283981028046055	115.58798114150119	
West Virginia::2011	West Virginia	2011	3054600.06	1854908	5497	0.002963489294347752	1.646766340972167	555.6849299617974	
Virginia::2010	Virginia	2010	155437.56	8023953	17184	0.002141587818373313	0.019371693727518093	9.045481843575418	
Pennsylvania::2007	Pennsylvania	2007	10171.0	12432792	51806	0.004166883834298844	8.180785136596832E-4	0.19632861058564646	
New Mexico::2011	New Mexico	2011	1774390.67	2078674	11904	0.0057267277119933185	0.8536166180940349	149.05835601478495	
Pennsylvania::2006	Pennsylvania	2006	33751.0	12440621	55028	0.00442325186178407	0.0027129674636016963	0.6133422984662353	
New Mexico::2010	New Mexico	2010	523204.21	2065913	12147	0.005879724848045392	0.2532556840486507	43.072710134189514	
New York::2009	New York	2009		19541453	75110	0.0038436241153613298	0.0	0.0	
New York::2007	New York	2007	4830.0	19297729	79962	0.00414359637862051	2.502885184054559E-4	0.06040369175358295	
Virginia::2009	Virginia	2009	352294.36	7882590	18195	0.0023082514757205436	0.044692716480243165	19.36215223962627	
New York::2008	New York	2008	1518.0	19490297	77546	0.003978697707890239	7.78849085778426E-5	0.01957547778093003	
Virginia::2008	Virginia	2008	399240.32	7769089	20031	0.0025782945722465016	0.051388305630171056	19.93112275972243	
Maine::2009	Maine	2009	666381.45	1318301	1580	0.001198512327609552	0.5054850523514736	421.76041139240505	
Virginia::2007	Virginia	2007	33892.65	7712091	21035	0.002727535243035903	0.0043947419707573475	1.6112502971238414	
New York::2006	New York	2006	2964.68	19306183	84016	0.004351766478127759	1.535611674249643E-4	0.0352870881736812	
Maine::2008	Maine	2008	24458.46	1316456	1572	0.0011941151090503594	0.018579018212534257	15.55881679389313	
Virginia::2006	Virginia	2006	357704.65	7642884	21683	0.002837018068048658	0.0468023131058904	16.497009177696814	
Pennsylvania::2010	Pennsylvania	2010	38668.53	12717722	46612	0.0036651217883202666	0.003040523294973738	0.8295831545524758	
Maine::2007	Maine	2007	24492.0	1317207	1565	0.0011881200145459293	0.018593888432114316	15.649840255591055	
Maine::2006	Maine	2006	86758.21	1321574	1533	0.001159980447557231	0.06564763683304908	56.593744292237446	
Pennsylvania::2012	Pennsylvania	2012	2758460.17	12763536	44503	0.0034867296962221126	0.21612037369581594	61.9836903130126	
Pennsylvania::2011	Pennsylvania	2011	1112748.33	12743948	46189	0.0036243870423827845	0.08731582473500363	24.091197687761156	
Ohio::2009	Ohio	2009	1515563.99	11542645	38305	0.0033185634661726145	0.13130127366821037	39.565696123221514	
Ohio::2008	Ohio	2008	839483.86	11485910	40436	0.003520487275279016	0.07308814538856738	20.76080373924226	
District Of Columbia::2009	District Of Columbia	2009	1207476.6				1207476.6	1207476.6	
Ohio::2007	Ohio	2007	449397.16000000003	11466917	40759	0.003554486354091514	0.03919075720178319	11.025716038175618	
South Dakota::2006	South Dakota	2006	51659.0	781919	2071	0.0026486119406230056	0.0660669455531839	24.943988411395463	
Oklahoma::2011	Oklahoma	2011	1178131.17	3784163	17311	0.004574591527901943	0.3113320356443419	68.05679452371324	
Ohio::2006	Ohio	2006	2305454.62	11478006	41491	0.0036148264777000464	0.20085846095567472	55.56517365211733	
Oklahoma::2012	Oklahoma	2012	3223742.17	3814820	17902	0.004692750903057025	0.8450574784655632	180.07720757457267	
South Dakota::2008	South Dakota	2008	2438.0	804194	2227	0.0027692322996689853	0.0030316068013439544	1.0947462954647509	
South Dakota::2007	South Dakota	2007	138755.0	796214	1926	0.0024189476698475536	0.1742684755605905	72.04309449636553	
Oklahoma::2010	Oklahoma	2010	547758.59	3760184	18100	0.004813594228367548	0.1456733473681075	30.26290552486188	
Michigan::2006	Michigan	2006	892709.5800000001	10095643	56981	0.005644117962570586	0.08842523254833794	15.66679384356189	
Michigan::2007	Michigan	2007	189293.72	10071822	53765	0.005338160265342259	0.018794386954018846	3.520761089928392	
South Dakota::2009	South Dakota	2009		812383	1777	0.002187391907511605	0.0	0.0	
Michigan::2008	Michigan	2008	928006.5	10003422	51512	0.005149437862363499	0.09276890448088664	18.015345938810373	
Michigan::2009	Michigan	2009	1424260.05	9969727	49825	0.0049976293232502755	0.1428584804779509	28.585249372804817	
Maine::2012	Maine	2012	6210507.76	1329192	1631	0.001227061252249487	4.672393273507514	3807.7913917841815	
Maine::2011	Maine	2011	905307.21	1328544	1638	0.0012329286798179059	0.681428097225233	552.6906043956044	
Maine::2010	Maine	2010	460032.49	1327379	1621	0.0012212035899317377	0.34657207172932525	283.79549043800125	
Alaska::2006	Alaska	2006	15713.0	670053	4610	0.006880052771944906	0.02345038377561178	3.4084598698481563	
District Of Columbia::2010	District Of Columbia	2010	4614720.0				4614720.0	4614720.0	
District Of Columbia::2011	District Of Columbia	2011	207794.69999999998				207794.69999999998	207794.69999999998	
Ohio::2012	Ohio	2012	2.4587617919999998E7	11544225	34595	0.00299673646346983	2.129863019821599	710.7275016620898	
Ohio::2011	Ohio	2011	4344782.88	11541007	35218	0.003051553473626695	0.37646479895558504	123.36824578340621	
District Of Columbia::2012	District Of Columbia	2012	419675.88				419675.88	419675.88	
Ohio::2010	Ohio	2010	1420330.91	11537968	36306	0.0031466545929057874	0.12310061095679932	39.121106979562605	
Oregon::2010	Oregon	2010	483550.23	3838332	9648	0.0025135918414561326	0.12597926130412898	50.119219527363185	
Alaska::2007	Alaska	2007	552.0	683478	4520	0.006613234076297994	8.076338960434718E-4	0.12212389380530973	
Alaska::2008	Alaska	2008	37500.0	686293	4475	0.00652053860377419	0.05464138494782841	8.379888268156424	
South Dakota::2011	South Dakota	2011	362641.91000000003	823593	2105	0.0025558740785800753	0.44031689195998513	172.27644180522566	
Oregon::2012	Oregon	2012	2903822.98	3899353	9653	0.0024755388906826338	0.7446935376202155	300.82077903242515	
Alaska::2009	Alaska	2009	5766.33	698473	4424	0.006333816768865797	0.008255623338339492	1.3034199819168173	
South Dakota::2010	South Dakota	2010	22020.989999999998	816598	2196	0.002689205704642921	0.026966744958963895	10.027773224043715	
Oregon::2011	Oregon	2011	1178098.95	3868229	9643	0.0024928720610904887	0.3045577058648803	122.17141449756299	
South Dakota::2012	South Dakota	2012	1210787.37	833354	2682	0.0032183201856593956	1.452908811861466	451.44942953020137	
New Mexico::2009	New Mexico	2009	1307549.58	2009671	12709	0.006323920681544392	0.6506286750418352	102.8837500983555	
Oregon::2007	Oregon	2007	82694.7	3747455	11015	0.002939328157376139	0.022066896066797334	7.507462551066727	
Alaska::2010	Alaska	2010	23843.46	714146	4537	0.006353042655143346	0.033387374570465984	5.2553361251928585	
New Mexico::2006	New Mexico	2006		1954599	12797	0.006547122964863893	0.0	0.0	
Oregon::2006	Oregon	2006	189619.25	3700758	10534	0.0028464438906840167	0.051237949090429585	18.000688247579266	
Alaska::2011	Alaska	2011	600861.18	723860	4416	0.006100627193103639	0.8300792694719974	136.06457880434783	
Oregon::2009	Oregon	2009	37002.0	3825657	9968	0.0026055655276989026	0.009672064170938481	3.712078651685393	
New Mexico::2008	New Mexico	2008	42219.0	1984356	12967	0.006534613748742665	0.021275920248181274	3.255880311560114	
Alaska::2012	Alaska	2012	279323.9	731449	4412	0.006031862781957457	0.38187747881260353	63.31004079782412	
Oregon::2008	Oregon	2008	22537.68	3790060	9909	0.0026144704833168868	0.005946523274037878	2.274465637299425	
New Mexico::2007	New Mexico	2007	1109163.0	1969915	13311	0.006757144343791484	0.5630511976405074	83.32679738562092	
Louisiana::2009	Louisiana	2009	1932977.5	4492076	28878	0.006428653477812931	0.43030828062570625	66.93598933444144	
Louisiana::2007	Louisiana	2007	913992.71	4293204	31789	0.007404493240945457	0.21289291401014254	28.751854729623453	
Louisiana::2008	Louisiana	2008	427116.25	4410796	29613	0.006713754161380395	0.09683427889206393	14.42326849694391	
Tennessee::2007	Tennessee	2007	1196019.48	6156719	46482	0.007549800470023076	0.19426247649113107	25.730809345553116	
Oklahoma::2008	Oklahoma	2008	400679.15	3642361	19359	0.005314959170713721	0.11000533719749361	20.697306162508394	
Tennessee::2006	Tennessee	2006	1766822.53	6038803	46043	0.007624524264162947	0.29257826923646957	38.373314727537306	
Oklahoma::2009	Oklahoma	2009	1217236.54	3687050	18560	0.005033834637447282	0.3301383328134959	65.58386530172415	
Louisiana::2006	Louisiana	2006	678132.75	4287768	30923	0.0072119107190500974	0.15815518703437312	21.929720596319893	
District Of Columbia::2008	District Of Columbia	2008	1.281384E7				1.281384E7	1.281384E7	
Tennessee::2009	Tennessee	2009	4236426.94	6296254	41933	0.006659991798297845	0.6728487986666358	101.02847256337492	
Oklahoma::2006	Oklahoma	2006	860004.26	3579212	17905	0.005002497756489417	0.24027754153707576	48.03151410220609	
Tennessee::2008	Tennessee	2008	430499.87	6214888	44913	0.007226678903948068	0.06926912761742449	9.585195155077594	
Oklahoma::2007	Oklahoma	2007	15665.84	3617316	18234	0.005040753973388004	0.004330791116949694	0.8591554239333115	
Maryland::2007	Maryland	2007	272132.0	5618344	36063	0.006418795289145698	0.0484363364009039	7.546016693009456	
Connecticut::2012	Connecticut	2012	1376794.78	3590347	10160	0.0028298100434303425	0.3834712299396131	135.5112972440945	
Maryland::2006	Maryland	2006	653499.65	5615727	38111	0.00678647662181584	0.11636955464537362	17.147271129070347	
Connecticut::2010	Connecticut	2010	931656.76	3575498	10083	0.002820026748721437	0.260566992346241	92.39876624020629	
Connecticut::2011	Connecticut	2011	187556.0	3586717	9889	0.002757117441939244	0.05229183122058417	18.9661239761351	
Nebraska::2012	Nebraska	2012	286416.33	1855525	4814	0.002594413979870926	0.15435864782204498	59.49653718321562	
Nebraska::2011	Nebraska	2011	2729.55	1842234	4672	0.002536051337669373	0.0014816521679656331	0.5842358732876712	
Maryland::2009	Maryland	2009	4016619.59	5699478	33625	0.005899663091953333	0.7047346423654938	119.4533707063197	
Nebraska::2010	Nebraska	2010	1080.0	1830141	5093	0.002782845693309969	5.901184662821062E-4	0.21205576281170233	
Maryland::2008	Maryland	2008	287528.23	5633597	35393	0.006282487014956874	0.05103812537531527	8.123872799706156	
Alabama::2008	Alabama	2008	839680.5700000001	4661900	21110	0.004528196658014972	0.18011552585855553	39.77643628612032	
Alabama::2007	Alabama	2007	1091734.38	4627851	20775	0.004489124649864483	0.23590525710529572	52.550391335740066	
Alabama::2006	Alabama	2006	2600035.6	4599030	19553	0.0042515486961380985	0.565344344350874	132.97374315961744	
Louisiana::2012	Louisiana	2012	2660903.19	4601893	22868	0.004969259389559905	0.578219265419687	116.35924392163722	
Delaware::2012	Delaware	2012	7670938.71	917092	5020	0.005473823782128729	8.364415685667305	1528.075440239044	
Louisiana::2010	Louisiana	2010	403528.91000000003	4545343	25241	0.005553156274454975	0.08877853882534278	15.987041321659207	
Delaware::2011	Delaware	2011	1605017.56	908137	5144	0.005664343595735004	1.7673738213507435	312.0174105754277	
Louisiana::2011	Louisiana	2011	566761.11	4574766	25373	0.005546294608292534	0.12388854643057153	22.33717376739053	
Delaware::2010	Delaware	2010	7798.26	899792	5608	0.006232551523018653	0.008666736312392197	1.3905599144079885	
Tennessee::2010	Tennessee	2010	2132855.58	6357436	38909	0.00612023463547254	0.3354899019038493	54.81650980492945	
Tennessee::2012	Tennessee	2012	2.709715687E7	6456243	41550	0.006435631372610975	4.19704724094183	652.1578067388689	
Tennessee::2011	Tennessee	2011	9584046.01	6399787	38895	0.006077546018328423	1.4975570296323923	246.4081761151819	
Alabama::2009	Alabama	2009	3777572.14	4708708	21194	0.004501022361123264	0.8022523673160451	178.23780975747854	
Washington::2006	Washington	2006	273560.86	6395798	22303	0.0034871332709382	0.04277196684448133	12.265653051159036	
Alabama::2011	Alabama	2011	8981300.14	4803689	20166	0.004198023643912002	1.8696672786269055	445.36844887434296	
Washington::2007	Washington	2007	141262.13	6468424	21768	0.003365271045930199	0.021838724548669045	6.48944000367512	
Alabama::2010	Alabama	2010	3391569.46	4785401	18363	0.003837295975823134	0.708732551357765	184.69582639002343	
Washington::2008	Washington	2008	133344.54	6549224	21888	0.003342075335948198	0.02036035719651672	6.092129934210527	
Washington::2009	Washington	2009	5985557.83	6664195	22412	0.0033630468496194965	0.8981666697928257	267.0693302694985	
Connecticut::2006	Connecticut	2006	55904.0	3504809	10505	0.0029973102671215462	0.01595065522828776	5.321656354117087	
Connecticut::2009	Connecticut	2009	70430.5	3518288	10588	0.003009418217041925	0.0200184009950294	6.651917264828107	
Connecticut::2007	Connecticut	2007	207482.97	3502309	10547	0.0030114418801996056	0.0592417659321322	19.672226225466957	
South Carolina::2010	South Carolina	2010	1468928.67	4637106	27923	0.006021643671721112	0.3167770307601336	52.60640583031909	
Connecticut::2008	Connecticut	2008	81227.91	3501252	10737	0.003066617312892645	0.0231996754303889	7.565233305392568	
South Carolina::2011	South Carolina	2011	1.472111033E7	4673348	27894	0.005968740183696999	3.1500137224961633	527.7518581056859	
South Carolina::2012	South Carolina	2012	9293535.37	4723723	26397	0.005588176952797614	1.9674175158026834	352.06786263590556	
Alabama::2012	Alabama	2012	7.714028414E7	4822023	21693	0.004498734244942424	15.997494026884567	3555.998900106025	
Michigan::2010	Michigan	2010	1071272.3800000001	9877143	48693	0.004929866865347601	0.10845974185045211	22.000541761649522	
South Carolina::2006	South Carolina	2006	1568154.35	4321249	33322	0.007711196461948849	0.36289377214782115	47.06063111457896	
Michigan::2011	Michigan	2011	3283535.63	9876801	43731	0.004427648182847867	0.33244930519507276	75.08485124968557	
South Carolina::2007	South Carolina	2007	271674.0	4407709	34630	0.007856689268733485	0.06163610165734625	7.845047646549235	
Michigan::2012	Michigan	2012	2.513073615E7	9883360	44922	0.0045452153923362095	2.5427320415324344	559.4304828369172	
South Carolina::2008	South Carolina	2008	1564936.6	4479800	32746	0.007309701325952052	0.34933180052680923	47.790160630306	
Delaware::2006	Delaware	2006	32244.42	853476	5983	0.0070101561145246025	0.03778011332480351	5.389339796088918	
South Carolina::2009	South Carolina	2009	859886.5	4561242	30799	0.006752327545874567	0.18852025391329819	27.919299327900255	
Delaware::2009	Delaware	2009	5617.68	885122	5713	0.006454477461864014	0.006346786092764614	0.9833152459303344	
Delaware::2008	Delaware	2008	2468.26	873092	6187	0.007086309346552254	0.002827033119075653	0.39894294488443516	
Delaware::2007	Delaware	2007	1996.0	864764	6100	0.007053947666646623	0.002308144187315846	0.32721311475409837	
New Hampshire::2010	New Hampshire	2010	10866.6	1316807	2204	0.0016737456590069767	0.00825223438210763	4.930399274047187	
Indiana::2008	Indiana	2008	383846.07999999996	6376792	21525	0.0033755217356940606	0.06019422932408646	17.832570499419276	
New Hampshire::2011	New Hampshire	2011	693286.26	1317807	2864	0.002173307623954039	0.526090891913611	242.0692248603352	
Indiana::2009	Indiana	2009	2752116.54	6423113	21455	0.0033402806396213174	0.428470827151881	128.27390072244233	
District of Columbia::2012	District of Columbia	2012		632323	7864	0.012436681885681844	0.0	0.0	
New Hampshire::2012	New Hampshire	2012	4474448.44	1320718	2481	0.001878523651528941	3.3878908593658905	1803.4858686013706	
District of Columbia::2011	District of Columbia	2011		619020	7433	0.012007689573842526	0.0	0.0	
District of Columbia::2010	District of Columbia	2010		604912	8026	0.01326804560002116	0.0	0.0	
Washington::2010	Washington	2010	1499059.04	6742950	21138	0.003134829711031522	0.22231501642456195	70.91773299271455	
Washington::2011	Washington	2011	2375921.93	6823267	20152	0.002953423924345918	0.3482088462902009	117.90005607383884	
Indiana::2006	Indiana	2006	689785.57	6313520	20303	0.003215797209797387	0.10925530765721815	33.974563857557996	
Washington::2012	Washington	2012	9171311.48	6897012	20386	0.0029557727317278846	1.32975141699043	449.8828352791131	
Indiana::2007	Indiana	2007	270660.37	6345289	21310	0.003358397072221612	0.04265532586459025	12.701096668230877	
District of Columbia::2009	District of Columbia	2009		599657	8089	0.013489378094477342	0.0	0.0	
New Hampshire::2006	New Hampshire	2006	44187.0	1314895	1785	0.0013575228440293712	0.03360496465497245	24.754621848739497	
Arizona::2010	Arizona	2010	801384.38	6413158	26528	0.004136495623529001	0.12495940065721131	30.20900105548854	
Arizona::2012	Arizona	2012	2.039665476E7	6553255	28108	0.004289166223502672	3.1124463735960224	725.6530083961862	
Illinois::2006	Illinois	2006	1685425.85	12831970	69498	0.005416003933924409	0.13134583777861078	24.25142953754065	
Arizona::2011	Arizona	2011	1.161139885E7	6467315	26789	0.004142213577040858	1.795397139307425	433.43905520922766	
Indiana::2010	Indiana	2010	1090269.18	6490622	20983	0.0032328180565745473	0.1679760707063206	51.95964256779297	
Nebraska::2006	Nebraska	2006	22172.48	1768331	5197	0.0029389294198880187	0.012538648024606252	4.266399846065037	
Illinois::2007	Illinois	2007	137532.35	12852548	68528	0.005331861044206954	0.010700784778240081	2.006951173243054	
Illinois::2008	Illinois	2008	1447369.78	12901563	67780	0.005253627021780229	0.11218561502974485	21.35393596931248	
Illinois::2009	Illinois	2009	2817042.7600000002	12910409	64185	0.004971569839499275	0.21819934287132192	43.889425255121914	
New Hampshire::2007	New Hampshire	2007	2272.0	1315828	1896	0.0014409178099265253	0.0017266694431187055	1.1983122362869199	
Indiana::2011	Indiana	2011	6488810.95	6516353	21619	0.003317653294718687	0.9957733950263284	300.1438988852398	
Arizona::2007	Arizona	2007	582688.04	6338755	32835	0.0051800392979378445	0.0919246823705917	17.745943048576216	
New Hampshire::2008	New Hampshire	2008	54780.0	1315809	2054	0.001561016834510176	0.04163218217841647	26.669912366114897	
Nebraska::2009	Nebraska	2009	35617.1	1796619	5199	0.0028937687957212967	0.01982451482479034	6.850759761492594	
Indiana::2012	Indiana	2012	1.967523206E7	6537334	22602	0.0034573726843389065	3.0096721476981285	870.508453234227	
Arizona::2006	Arizona	2006	682487.74	6166318	33456	0.0054256040638838285	0.11067994547151153	20.39956181252989	
New Hampshire::2009	New Hampshire	2009	534.0	1324575	2125	0.0016042881679029122	4.031481796047789E-4	0.25129411764705883	
Nebraska::2008	Nebraska	2008	37595.71	1783432	5570	0.0031231916888336646	0.02108054021684034	6.749678635547576	
Arizona::2009	Arizona	2009	2839420.73	6595778	28128	0.004264546199098878	0.43049064568273826	100.94641389362913	
Nebraska::2007	Nebraska	2007	2994.0	1774571	5524	0.003112865024842624	0.0016871683353328777	0.5419985517740767	
Arizona::2008	Arizona	2008	2761093.7800000003	6500180	31567	0.004856327055558461	0.42477189554750794	87.46772832388254	
Massachusetts::2012	Massachusetts	2012	5771547.46	6646144	26953	0.00405543424879148	0.8684054182395085	214.1337684116796	
Massachusetts::2011	Massachusetts	2011	1142670.34	6607003	28232	0.004273041801252399	0.17294836100422536	40.47429654293001	
Massachusetts::2010	Massachusetts	2010	528360.13	6555466	30737	0.004688758968469976	0.08059840902233342	17.18971044669291	
Rhode Island::2012	Rhode Island	2012	3829896.96	1050292	2651	0.0025240599757019953	3.6465068380983574	1444.698966427763	
Idaho::2012	Idaho	2012	1933997.79	1595728	3318	0.002079301735634143	1.2119846176792035	582.8805877034358	
Rhode Island::2011	Rhode Island	2011	1517149.84	1050646	2586	0.0024613428309820814	1.4440161957500435	586.6782057231245	
Rhode Island::2010	Rhode Island	2010	471109.57	1052528	2709	0.0025738032622410045	0.44759813515649943	173.90534145441123	
Idaho::2011	Idaho	2011	753985.12	1583744	3202	0.002021791400630405	0.4760776489129556	235.47317926296066	
Idaho::2010	Idaho	2010	130170.82	1571102	3464	0.0022048218384293316	0.08285319476393004	37.57818129330254	
Rhode Island::2009	Rhode Island	2009	175922.45	1053209	2678	0.002542705199063054	0.16703470061497766	65.6917289021658	
Rhode Island::2008	Rhode Island	2008	42742.0	1050788	2656	0.0025276268857276634	0.04067614019193215	16.09262048192771	
Rhode Island::2007	Rhode Island	2007	1118335.92	1057832	2424	0.0022914791762775185	1.0571961521300168	461.359702970297	
Massachusetts::2009	Massachusetts	2009	277013.54	6593587	30503	0.004626161753837479	0.04201257069937804	9.08151788348687	
Massachusetts::2008	Massachusetts	2008	16934.0	6497967	30137	0.004637912134672275	0.00260604586018981	0.5619006536815211	
North Carolina::2007	North Carolina	2007	838506.0	9061032	42231	0.004660727387343958	0.09253979016959657	19.855224834836967	
North Carolina::2006	North Carolina	2006	2333849.49	8856505	42088	0.004752213203741205	0.2635181135222077	55.45166056833302	
North Carolina::2009	North Carolina	2009	5895750.75	9380884	37946	0.0040450345617747754	0.6284856256617181	155.37212749696937	
North Carolina::2008	North Carolina	2008	380872.11	9222414	43125	0.004676107578774928	0.041298526611362275	8.83181704347826	
Massachusetts::2007	Massachusetts	2007	10362.0	6449755	28487	0.004416756915572762	0.0016065726527596785	0.3637448660792642	
Massachusetts::2006	Massachusetts	2006	167098.26	6437193	32217	0.005004821200793576	0.02595824919339843	5.186648663748953	
New Jersey::2010	New Jersey	2010	25000.0	8799593	27055	0.003074574017230115	0.0028410404890317088	0.9240436148586213	
District of Columbia::2006	District of Columbia	2006		581530	8772	0.015084346465358623	0.0	0.0	
New Jersey::2012	New Jersey	2012	4031916.61	8864590	25727	0.002902221084111053	0.45483396412016797	156.71926808411396	
District of Columbia::2008	District of Columbia	2008		591833	8509	0.01437736658820985	0.0	0.0	
New Jersey::2011	New Jersey	2011	432093.74	8834773	27203	0.0030790830732153503	0.048908301322512754	15.884047347719001	
District of Columbia::2007	District of Columbia	2007		588292	8325	0.014151135830505939	0.0	0.0	
Florida::2006	Florida	2006	4212941.42	18089888	129602	0.007164334019093982	0.23288930368170327	32.50676239564204	
Utah::2006	Utah	2006	304218.65	2550063	5771	0.0022630813434805336	0.11929848399823849	52.71506671287472	
Florida::2007	Florida	2007	1495428.94	18251243	131878	0.007225699641388809	0.08193573117184402	11.339487556681174	
Utah::2007	Utah	2007	2102.0	2645330	6347	0.0023993225797915574	7.946078561086896E-4	0.33118008507956515	
Florida::2008	Florida	2008	8313753.26	18328340	126256	0.006888567104276765	0.45360099496190054	65.84838154226334	
Utah::2008	Utah	2008	21008.0	2736424	6165	0.0022529403338079185	0.007677172835788606	3.407623682076237	
Florida::2009	Florida	2009	3218355.1999999997	18537969	113541	0.006124780983288946	0.17360883492684662	28.345313146792787	
Utah::2009	Utah	2009	57283.090000000004	2784572	5998	0.00215401146028905	0.020571595922102212	9.550365121707236	
Idaho::2009	Idaho	2009	275758.1	1545801	3805	0.0024615070115752286	0.1783917205384134	72.47256241787122	
North Carolina::2010	North Carolina	2010	20115.69	9560234	34679	0.0036274216718963155	0.002104100171606678	0.5800539231235041	
Florida::2010	Florida	2010	4.013648871E7	18838613	101969	0.005412765791197048	2.130543724742368	393.61461532426523	
Florida::2011	Florida	2011	1.6466395012E8	19082262	98198	0.005146035621982342	8.629163047860889	1676.8564545102752	
North Carolina::2012	North Carolina	2012	5042267.69	9752073	34464	0.003534017844206047	0.5170457286363628	146.30535312209844	
Minnesota::2007	Minnesota	2007	498916.37	5197621	15054	0.002896325068718939	0.09598937090642046	33.141780922014085	
Idaho::2006	Idaho	2006	65616.13	1466465	3666	0.0024998891893089847	0.0447444228126822	17.89856246590289	
Florida::2012	Florida	2012	9977229.75	19317568	94087	0.004870540639484225	0.5164847743773957	106.04259621414224	
North Carolina::2011	North Carolina	2011	307065.99	9651103	33421	0.003462920248597492	0.03181667318232952	9.187815744591724	
Minnesota::2006	Minnesota	2006	576050.8	5167101	16042	0.0031046422355591654	0.1114843313494356	35.90891410048623	
Idaho::2008	Idaho	2008	13928.23	1523816	3680	0.002414989736293621	0.009140362090961113	3.7848451086956523	
Idaho::2007	Idaho	2007	1091.38	1499402	3841	0.0025616879262532664	7.278768469029654E-4	0.2841395469929706	
Minnesota::2009	Minnesota	2009	342155.21	5266214	12874	0.002444640495050144	0.06497176339586656	26.577226192325618	
Minnesota::2008	Minnesota	2008	387912.92	5220393	13853	0.002653631632714242	0.07430722552880598	28.00208763444741	
Colorado::2010	Colorado	2010	481151.83	5047692	16339	0.003236924915387072	0.09532115469802833	29.448058632719263	
Utah::2010	Utah	2010	56239.47	2775479	5925	0.002134766647486794	0.020262978030098588	9.491893670886077	
Colorado::2011	Colorado	2011	2180814.7600000002	5116302	16085	0.0031438722733724473	0.4262482472692191	135.5806502953062	
Utah::2011	Utah	2011	239318.94	2814347	5547	0.0019709723072528014	0.08503533501732373	43.14385073012439	
Utah::2012	Utah	2012	1060782.17	2855287	5876	0.002057936732804793	0.3715150771183422	180.52793907420013	
Minnesota::2010	Minnesota	2010	42397.66	5310658	12515	0.002356581802104372	0.007983504115685854	3.3877475029964046	
Colorado::2012	Colorado	2012	5154645.36	5187582	16023	0.0030887222601975258	0.9936508685549453	321.70288709979405	
Iowa::2009	Iowa	2009	35649.3	3007856	8485	0.002820946215510317	0.011852063396651968	4.201449616971126	
Iowa::2008	Iowa	2008	41276.36	3002555	8651	0.002881212833736601	0.01374707873794152	4.77128193272454	
Minnesota::2012	Minnesota	2012	2472898.5300000003	5379139	12419	0.002308733795501473	0.4597201392267425	199.12219421853612	
Iowa::2007	Iowa	2007	7750.0	2988046	8970	0.0030019618171875533	0.002593668236700506	0.8639910813823858	
Minnesota::2011	Minnesota	2011	623606.1	5347299	12323	0.0023045279495311558	0.1166207649880809	50.605055587113526	
Iowa::2006	Iowa	2006	141564.23	2982085	8521	0.0028573967542843345	0.04747156100513567	16.613570003520714	
North Dakota::2010	North Dakota	2010	20412.0	674629	1548	0.00229459451046427	0.030256629940307932	13.186046511627907	
North Dakota::2011	North Dakota	2011	103006.84	684740	1699	0.002481233752957327	0.15043204720039724	60.62792230723955	
New Jersey::2007	New Jersey	2007	2495.0	8685920	28544	0.0032862379575220586	2.872464862674305E-4	0.0874089125560538	
California::2008	California	2008	9018128.25	36756666	185329	0.005042051420006374	0.2453467420032056	48.66010311392173	
New Jersey::2006	New Jersey	2006	251703.0	8724560	30550	0.0035016092502086066	0.028849936271857834	8.239050736497544	
Hawaii::2012	Hawaii	2012	100000.0	1392313	3330	0.0023917035896382495	0.07182293061976724	30.03003003003003	
California::2009	California	2009	1.8545193650000002E7	36961664	174934	0.004732849689884092	0.5017413082376379	106.01251700641386	
New Jersey::2009	New Jersey	2009	191640.0	8707739	27113	0.003113667049506192	0.02200800919733584	7.068196068306716	
North Dakota::2012	North Dakota	2012	2375299.27	699628	1712	0.0024470146992401675	3.3950889186824997	1387.4411623831775	
Hawaii::2011	Hawaii	2011	0.0	1378129	3465	0.002514278416606863	0.0	0.0	
California::2006	California	2006	1986115.42	36457549	194483	0.005334505619124313	0.05447748064468075	10.212282924471547	
New Jersey::2008	New Jersey	2008	138704.42	8682661	28351	0.003265243224398603	0.01597487452291412	4.892399562625657	
Hawaii::2010	Hawaii	2010	2536.2	1363359	3603	0.0026427375328141743	0.0018602583765537908	0.7039134054954205	
California::2007	California	2007	2264023.59	36553215	191561	0.005240606058865137	0.06193774172805319	11.81881275416186	
North Dakota::2009	North Dakota	2009	1498.0	646844	1723	0.002663702531058493	0.002315859774536055	0.869413813116657	
Maryland::2010	Maryland	2010	48303.39	5785681	31607	0.005462969700541734	0.008348782105339026	1.5282497548011515	
Iowa::2012	Iowa	2012	383704.64	3074186	8112	0.0026387472976586324	0.12481503721635581	47.30086785009862	
Iowa::2011	Iowa	2011	218619.71	3064097	7883	0.0025726992324329157	0.07134882152882235	27.733059748826587	
Colorado::2006	Colorado	2006	437042.71	4753377	18794	0.003953820620581957	0.09194362450106525	23.25437426838353	
Iowa::2010	Iowa	2010	40142.12	3050202	8191	0.002685395918040838	0.013160479207606579	4.900759370040288	
Colorado::2007	Colorado	2007	40576.0	4861515	17101	0.003517627735387014	0.00834636939308014	2.37272674112625	
Colorado::2008	Colorado	2008	15465.78	4939456	17480	0.0035388512419181383	0.003131069494292489	0.8847700228832952	
Rhode Island::2006	Rhode Island	2006	575646.61	1067610	2460	0.0023042122123247254	0.5391918490834668	234.00268699186992	
Maryland::2012	Maryland	2012	1675700.01	5884563	28055	0.004767558780490582	0.2847620137638088	59.72910390304759	
Maryland::2011	Maryland	2011	843434.44	5839572	28817	0.004934779466714341	0.144434290732266	29.26864142693549	
California::2011	California	2011	1.37004626E7	37683933	154943	0.0041116462021095306	0.3635624391965669	88.42259798764707	
Kansas::2006	Kansas	2006	111999.65	2764075	11960	0.004326944818791097	0.0405197579660465	9.36451923076923	
Hawaii::2009	Hawaii	2009	15572.62	1295178	3550	0.0027409359948979985	0.012023536533202386	4.386653521126761	
California::2012	California	2012	4.011108278E7	38041430	160944	0.004230755783891405	1.0544052308233418	249.22384667959042	
Kansas::2007	Kansas	2007	149078.7	2775997	12730	0.004585739826087708	0.0537027597652303	11.710816967792617	
Hawaii::2008	Hawaii	2008		1288198	3510	0.002724736414743696	0.0	0.0	
Kansas::2008	Kansas	2008	41513.0	2802134	11554	0.004123286038426428	0.014814780449471723	3.592954820841267	
California::2010	California	2010	1.494019301E7	37338198	164133	0.004395846848313355	0.40013160276240434	91.02491887676457	
Hawaii::2007	Hawaii	2007		1283388	3544	0.0027614408113524514	0.0	0.0	
Kansas::2009	Kansas	2009	75062.73	2818747	11460	0.004065636256109541	0.026629821690275855	6.5499764397905755	
Colorado::2009	Colorado	2009	492400.66	5024748	17022	0.003387632573812657	0.09799509547543478	28.927309364352013	
North Dakota::2007	North Dakota	2007	46119.85	639715	1343	0.0020993723767615264	0.07209437014920707	34.34091586001489	
Hawaii::2006	Hawaii	2006		1285498	3608	0.002806694370586341	0.0	0.0	
North Dakota::2008	North Dakota	2008	23767.42	641481	1441	0.0022463642726752624	0.03705085575410651	16.493698820263706	
North Dakota::2006	North Dakota	2006	171861.0	635867	1255	0.001973683175884265	0.27027821855828343	136.9410358565737	
Kentucky::2011	Kentucky	2011	3353751.26	4366814	10465	0.0023964840270274852	0.7680087267284569	320.4731256569517	
Puerto Rico::2010	Puerto Rico	2010	36376.05				36376.05	36376.05	
Kentucky::2012	Kentucky	2012	2.01902189E7	4380415	9752	0.0022262730814317823	4.609202301608409	2070.3669913863823	
Wyoming::2012	Wyoming	2012	1581168.13	576412	1161	0.002014184298730769	2.7431214652019733	1361.9019207579672	
Mississippi::2011	Mississippi	2011	4191.78	2977457	8009	0.0026898793164771145	0.001407838971310081	0.5233836933449869	
Wyoming::2011	Wyoming	2011	577005.99	567356	1245	0.0021943894133489377	1.0170087035300588	463.4586265060241	
Mississippi::2010	Mississippi	2010	2298.0	2970072	7999	0.0026932007035519677	7.73718616922418E-4	0.28728591073884235	
Kentucky::2010	Kentucky	2010	719487.99	4347223	10604	0.002439258349525663	0.16550519492558813	67.85062146359864	
Mississippi::2012	Mississippi	2012	761110.91	2984926	7786	0.0026084398742213374	0.2549848505457087	97.75377729257643	
Puerto Rico::2011	Puerto Rico	2011	3230507.99				3230507.99	3230507.99	
Puerto Rico::2012	Puerto Rico	2012	2.041055113E7				2.041055113E7	2.041055113E7	
Vermont::2008	Vermont	2008	40848.26	621270	854	0.0013746036344906402	0.06574960967051363	47.83168618266979	
Vermont::2007	Vermont	2007	276.0	621254	802	0.0012909373621739256	4.442627331172113E-4	0.34413965087281795	
Kansas::2010	Kansas	2010	165846.17	2859143	10602	0.003708104141695606	0.05800555271282339	15.64291360120732	
Kansas::2011	Kansas	2011	749290.86	2870386	10209	0.00355666450435586	0.26104184593988405	73.39512782838672	
Vermont::2009	Vermont	2009		621760	837	0.0013461785898095729	0.0	0.0	
Kansas::2012	Kansas	2012	343907.91000000003	2885905	10232	0.0035455082547762315	0.11916813270014087	33.61101544175137	
Vermont::2006	Vermont	2006	11928.0	623908	905	0.0014505343736576546	0.019118203324849176	13.18011049723757	
Kentucky::2008	Kentucky	2008	1733065.6099999999	4269245	12690	0.002972422524357351	0.40594194289622637	136.5693940110323	
Kentucky::2009	Kentucky	2009	475952.3	4314113	11000	0.0025497709494396647	0.11032448616899929	43.26839090909091	
Kentucky::2006	Kentucky	2006	2375337.61	4206074	11361	0.0027010937040099626	0.5647398524134383	209.07821582607164	
Kentucky::2007	Kentucky	2007	375029.32	4241474	12329	0.0029067725040870227	0.08841957300693108	30.41847027333928	
Wyoming::2007	Wyoming	2007	34376.71	522830	1344	0.002570625251037622	0.0657512193255934	25.577909226190474	
Wyoming::2006	Wyoming	2006	82406.52	515004	1307	0.0025378443662573496	0.16001141738704944	63.050130068859985	
Texas::2006	Texas	2006	717861.39	23507783	121602	0.005172839990908543	0.030537179537517428	5.903368283416391	
Texas::2007	Texas	2007	823625.15	23904380	122014	0.005104252860772796	0.03445498900201553	6.750251200681889	
Texas::2008	Texas	2008	3015488.2800000003	24326974	123585	0.005080163278836077	0.1239565710063241	24.400115548003402	
Wyoming::2009	Wyoming	2009	828.0	544270	1196	0.0021974387711981187	0.0015213037646756205	0.6923076923076923	
Wyoming::2008	Wyoming	2008	58856.0	532668	1330	0.0024968648388865107	0.11049283981767255	44.252631578947366	
Mississippi::2006	Mississippi	2006	512065.0	2910540	9076	0.003118321686010156	0.17593470627443705	56.41967827236668	
Mississippi::2008	Mississippi	2008	404733.1	2938618	8942	0.003042926981322513	0.1377290617562405	45.26203310221427	
Mississippi::2007	Mississippi	2007	7485.0	2918785	8502	0.00291285586297038	0.0025644232103426597	0.8803810868031051	
Wyoming::2010	Wyoming	2010	145799.68	564554	1117	0.0019785529816456885	0.2582563935425132	130.52791405550582	
Mississippi::2009	Mississippi	2009	32973.06	2951996	8451	0.002862808757193438	0.011169750907521554	3.9016755413560524	
Texas::2012	Texas	2012	4.372415876E7	26059203	106476	0.00408592695640001	1.6778778215128067	410.6480217138134	
Montana::2010	Montana	2010	453922.94	990958	2733	0.002757937268784348	0.4580647615741535	166.08962312477132	
Montana::2012	Montana	2012	6490387.18	1005141	2736	0.0027220061662990565	6.457190762291061	2372.2175365497073	
Wisconsin::2006	Wisconsin	2006	657090.43	5556506	15899	0.002861330483580869	0.11825604615562371	41.329041449147745	
Montana::2011	Montana	2011	183205.92	997667	2755	0.0027614424452247093	0.1836343389126833	66.49942649727768	
Wisconsin::2007	Wisconsin	2007	127915.39	5601640	16330	0.002915217686249027	0.02283534643425854	7.8331530924678505	
Wisconsin::2008	Wisconsin	2008	72795.79	5627967	15507	0.002755346646488865	0.012934651180435136	4.694382536918811	
Wisconsin::2009	Wisconsin	2009	284900.9	5654774	14650	0.0025907313006673653	0.05038236718213673	19.447160409556314	
Texas::2010	Texas	2010	1.133557991E7	25253466	113231	0.004483780563032417	0.44887224232903317	100.11021637184163	
Texas::2011	Texas	2011	6559137.25	25631778	104734	0.004086099684540027	0.2558986446433798	62.626627933622316	
Texas::2009	Texas	2009	4255796.25	24782302	121684	0.004910116905201139	0.17172723704198262	34.9741646395582	
Arkansas::2012	Arkansas	2012	4043698.99	2949131	13835	0.00469121242833906	1.3711493283953817	292.28037513552584	
Arkansas::2011	Arkansas	2011	2260221.12	2938582	14173	0.004823074530504849	0.7691536666324098	159.47372609892048	
Virgin Islands::2012	Virgin Islands	2012	135524.0				135524.0	135524.0	
Arkansas::2010	Arkansas	2010	26544.63	2921588	14711	0.00503527533656354	0.009085685592903585	1.804406906396574	
Georgia::2009	Georgia	2009	4626082.11	9829211	42073	0.004280404602159828	0.4706463326507082	109.9537021367623	
Georgia::2008	Georgia	2008	1807677.26	9685744	47353	0.004888937803848625	0.1866327728670095	38.17450341055477	
Wisconsin::2010	Wisconsin	2010	648161.9299999999	5691659	14167	0.0024890809516170944	0.11387926261921172	45.75153031693372	
Missouri::2006	Missouri	2006	143651.55	5842713	31897	0.005459278934289601	0.02458644639912999	4.503606922281092	
Wisconsin::2011	Wisconsin	2011	2771825.63	5709843	14268	0.002498842787796442	0.48544690808486324	194.26868727221753	
Wisconsin::2012	Wisconsin	2012	5663617.53	5726398	16064	0.002805253843690222	0.9890366562016821	352.56583229581673	
Puerto Rico::2008	Puerto Rico	2008	763268.0				763268.0	763268.0	
Missouri::2008	Missouri	2008	343669.0	5911605	29701	0.005024185479239563	0.058134635179447884	11.570957206828053	
Georgia::2007	Georgia	2007	490224.39	9544750	46917	0.004915477094737945	0.05136063176091569	10.44875823262357	
Missouri::2007	Missouri	2007	40272.0	5878415	32962	0.005607293802836309	0.006850826285656933	1.2217705236332748	
Georgia::2006	Georgia	2006	871817.21	9363941	44754	0.004779397905219608	0.09310366329732321	19.480207579210795	
Vermont::2011	Vermont	2011	96976.0	626592	925	0.001476239722179664	0.1547673765384812	104.83891891891892	
Georgia::2012	Georgia	2012	3.524494003E7	9919945	37591	0.0037894363325603115	3.552937040477543	937.589849432045	
Vermont::2010	Vermont	2010	120.0	625909	820	0.0013100945984160636	1.917211607438142E-4	0.14634146341463414	
Georgia::2011	Georgia	2011	7454506.8100000005	9812460	36762	0.003746461132070857	0.7596980583869897	202.77750965671075	
West Virginia::2007	West Virginia	2007	342052.0	1812035	5016	0.002768158451685536	0.18876677326872826	68.19218500797449	
West Virginia::2006	West Virginia	2006	118401.25	1818470	5113	0.0028117043448613395	0.06511036750675019	23.156903970271856	
Vermont::2012	Vermont	2012	548385.65	626011	893	0.0014264925057227429	0.8760000223638243	614.093673012318	
West Virginia::2009	West Virginia	2009	650795.76	1819777	5554	0.003052022308227876	0.35762390666548705	117.17604609290602	
West Virginia::2008	West Virginia	2008	50042.0	1814468	5006	0.0027589354014510036	0.02757943375138057	9.996404314822213	
Georgia::2010	Georgia	2010	2375664.9	9712157	39068	0.004022587361386353	0.24460734108808166	60.80845960888707	
Montana::2007	Montana	2007	358092.41	957861	3638	0.0037980458542523393	0.37384590248480726	98.43111874656404	
Arkansas::2009	Arkansas	2009	271939.81	2889450	14905	0.005158421152814549	0.09411473117721365	18.244871519624287	
Montana::2006	Montana	2006	144109.39	944632	3564	0.003772897805706349	0.15255611709110004	40.434733445566785	
Arkansas::2008	Arkansas	2008	109329.55	2855390	14649	0.005130297437477892	0.03828883269886075	7.463277356816165	
Montana::2009	Montana	2009	451819.16000000003	974989	2798	0.002869775966703214	0.46340949487635247	161.47932809149393	
Montana::2008	Montana	2008	119656.72	967440	3013	0.0031144050277019763	0.12368386669974366	39.71348157982078	
Arkansas::2007	Arkansas	2007	63998.0	2834797	15226	0.005371107701891881	0.02257586698447896	4.203205044003678	
Arkansas::2006	Arkansas	2006	1369171.71	2810872	15538	0.005527821971260164	0.4870985622966823	88.11762839490282	
